ts,run_id,rpm,rpm_setpoint,torque_ftlbs,hp,pressure_psi,valve_cmd_pct,cht_c,control_mode,sim_status,limiter_active
2026-05-23T14:08:19.873+00:00,46,3113,4000,10.7,6.342,0,0.0,33,2,1,0
2026-05-23T14:08:19.972+00:00,46,3396,4000,10.1,6.531,0,0.0,33,2,1,0
2026-05-23T14:08:20.072+00:00,46,3735,4000,9.8,6.969,0,0.0,33,2,1,0
2026-05-23T14:08:20.172+00:00,46,3835,4000,9.8,7.156,0,0.0,33,2,1,0
2026-05-23T14:08:20.272+00:00,46,4102,4000,9.6,7.498,0,0.0,33,2,1,0
2026-05-23T14:08:20.372+00:00,46,4333,4000,9.3,7.673,0,0.0,33,2,1,0
2026-05-23T14:08:20.559+00:00,46,4753,4000,9.3,8.416,8,7.77,33,2,1,0
2026-05-23T14:08:20.659+00:00,46,5042,4000,9.4,9.024,18,7.77,33,2,1,0
2026-05-23T14:08:20.758+00:00,46,5317,4000,9.4,9.516,61,21.61,33,2,1,0
2026-05-23T14:08:20.859+00:00,46,5506,4000,9.4,9.855,150,21.61,33,2,1,0
2026-05-23T14:08:20.959+00:00,46,5636,4000,9.0,9.658,218,21.61,33,2,1,0
2026-05-23T14:08:21.059+00:00,46,5676,4000,8.5,9.186,499,38.24,33,2,1,0
2026-05-23T14:08:21.158+00:00,46,5855,4000,8.3,9.253,716,38.24,33,2,1,0
2026-05-23T14:08:21.258+00:00,46,5873,4000,8.3,9.281,966,52.86,33,2,1,0
2026-05-23T14:08:21.359+00:00,46,5664,4000,8.6,9.275,1332,52.86,34,2,1,0
2026-05-23T14:08:21.544+00:00,46,5498,4000,9.4,9.84,1616,59.63,35,2,1,0
2026-05-23T14:08:21.645+00:00,46,5362,4000,9.4,9.597,1689,59.63,36,2,1,0
2026-05-23T14:08:21.744+00:00,46,5056,4000,9.4,9.049,1665,60.72,37,2,1,0
2026-05-23T14:08:21.844+00:00,46,4951,4000,9.4,8.861,1623,60.72,38,2,1,0
2026-05-23T14:08:21.944+00:00,46,4793,4000,9.3,8.487,1548,60.72,38,2,1,0
2026-05-23T14:08:22.044+00:00,46,4730,4000,9.2,8.286,1383,55.7,39,2,1,0
2026-05-23T14:08:22.144+00:00,46,4677,4000,9.2,8.193,1256,55.7,39,2,1,0
2026-05-23T14:08:22.244+00:00,46,4566,4000,9.1,7.911,1189,54.58,40,2,1,0
2026-05-23T14:08:22.344+00:00,46,4484,4000,9.1,7.769,1123,54.58,40,2,1,0
2026-05-23T14:08:22.444+00:00,46,4398,4000,9.1,7.62,1089,54.58,41,2,1,0
2026-05-23T14:08:22.544+00:00,46,4529,4000,9.2,7.934,1116,57.84,41,2,1,0
2026-05-23T14:08:22.644+00:00,46,4355,4000,9.2,7.629,1134,57.84,41,2,1,0
2026-05-23T14:08:22.744+00:00,46,4365,4000,9.3,7.729,1119,54.73,42,2,1,0
2026-05-23T14:08:22.844+00:00,46,4296,4000,9.3,7.607,1052,54.73,42,2,1,0
2026-05-23T14:08:22.944+00:00,46,4395,4000,9.4,7.866,1018,54.73,42,2,1,0
2026-05-23T14:08:23.044+00:00,46,4382,4000,9.4,7.843,1043,58.53,43,2,1,0
2026-05-23T14:08:23.144+00:00,46,4290,4000,9.4,7.678,1084,58.53,43,2,1,0
2026-05-23T14:08:23.244+00:00,46,4314,4000,9.5,7.803,1091,58.53,43,2,1,0
2026-05-23T14:08:23.344+00:00,46,4282,4000,9.5,7.745,1071,57.8,44,2,1,0
2026-05-23T14:08:23.581+00:00,46,4121,4000,9.6,7.533,1069,59.36,45,2,1,0
2026-05-23T14:08:23.681+00:00,46,4196,4000,9.6,7.67,1074,59.36,45,2,1,0
2026-05-23T14:08:23.781+00:00,46,4174,4000,9.6,7.63,1062,57.91,45,2,1,0
2026-05-23T14:08:23.881+00:00,46,4154,4000,9.6,7.593,1035,57.91,45,2,1,0
2026-05-23T14:08:23.981+00:00,46,4104,4000,9.6,7.502,1020,57.91,46,2,1,0
2026-05-23T14:08:24.081+00:00,46,3997,4000,9.6,7.306,1002,57.11,46,2,1,0
2026-05-23T14:08:24.181+00:00,46,4070,4000,9.6,7.439,989,57.11,46,2,1,0
2026-05-23T14:08:24.281+00:00,46,4145,4000,9.6,7.577,984,56.79,47,2,1,0
2026-05-23T14:08:24.381+00:00,46,4052,4000,9.6,7.407,977,56.79,47,2,1,0
2026-05-23T14:08:24.576+00:00,46,4054,4000,9.6,7.41,1003,59.12,47,2,1,0
2026-05-23T14:08:24.671+00:00,46,4091,4000,9.6,7.478,1026,59.12,48,2,1,0
2026-05-23T14:08:24.771+00:00,46,4109,4000,9.7,7.589,1035,57.54,48,2,1,0
2026-05-23T14:08:24.870+00:00,46,4001,4000,9.7,7.39,1008,57.54,48,2,1,0
2026-05-23T14:08:24.970+00:00,46,4008,4000,9.7,7.402,996,57.54,48,2,1,0
2026-05-23T14:08:25.070+00:00,46,4132,4000,9.7,7.631,989,57.31,49,2,1,0
2026-05-23T14:08:25.170+00:00,46,4000,4000,9.7,7.388,984,57.31,49,2,1,0
2026-05-23T14:08:25.270+00:00,46,4034,4000,9.7,7.45,983,57.31,49,2,1,0
2026-05-23T14:08:25.370+00:00,46,4075,4000,9.7,7.526,981,57.2,49,2,1,0
2026-05-23T14:08:25.470+00:00,46,3990,4000,9.7,7.369,981,57.2,50,2,1,0
2026-05-23T14:08:25.570+00:00,46,4120,4000,9.7,7.609,998,58.91,50,2,1,0
2026-05-23T14:08:25.670+00:00,46,4024,4000,9.7,7.432,1018,58.91,50,2,1,0
2026-05-23T14:08:25.770+00:00,46,4056,4000,9.7,7.491,1026,58.91,50,2,1,0
2026-05-23T14:08:25.870+00:00,46,4151,4000,9.7,7.667,1036,59.51,51,2,1,0
2026-05-23T14:08:25.970+00:00,46,4118,4000,9.7,7.606,1039,59.51,51,2,1,0
2026-05-23T14:08:26.070+00:00,46,4040,4000,9.7,7.462,1022,57.68,51,2,1,0
2026-05-23T14:08:26.170+00:00,46,4053,4000,9.7,7.486,994,57.68,51,2,1,0
2026-05-23T14:08:26.270+00:00,46,4076,4000,9.7,7.528,985,57.68,52,2,1,0
2026-05-23T14:08:26.370+00:00,46,4006,4000,9.7,7.399,1023,60.21,52,2,1,0
2026-05-23T14:08:26.556+00:00,46,3989,4000,9.7,7.367,1042,59.38,52,2,1,0
2026-05-23T14:08:26.659+00:00,46,3997,4000,9.8,7.458,1028,59.38,53,2,1,0
2026-05-23T14:08:26.756+00:00,46,4032,4000,9.8,7.524,1021,59.38,53,2,1,0
2026-05-23T14:08:26.856+00:00,46,4088,4000,9.8,7.628,1000,58.1,53,2,1,0
2026-05-23T14:08:26.956+00:00,46,4087,4000,9.8,7.626,986,58.1,53,2,1,0
2026-05-23T14:08:27.056+00:00,46,3981,4000,9.8,7.428,986,59.91,54,2,1,0
2026-05-23T14:08:27.156+00:00,46,3927,4000,9.8,7.328,1014,59.91,54,2,1,0
2026-05-23T14:08:27.256+00:00,46,4079,4000,9.8,7.611,1025,59.91,54,2,1,0
2026-05-23T14:08:27.356+00:00,46,3995,4000,9.8,7.454,996,57.27,54,2,1,0
2026-05-23T14:08:27.541+00:00,46,4045,4000,9.8,7.548,960,57.27,55,2,1,0
2026-05-23T14:08:27.641+00:00,46,4007,4000,9.7,7.401,963,57.51,55,2,1,0
2026-05-23T14:08:27.741+00:00,46,3938,4000,9.7,7.273,966,57.51,55,2,1,0
2026-05-23T14:08:27.841+00:00,46,4073,4000,9.7,7.522,969,57.55,55,2,1,0
2026-05-23T14:08:27.941+00:00,46,3943,4000,9.7,7.282,973,57.55,56,2,1,0
2026-05-23T14:08:28.041+00:00,46,4112,4000,9.7,7.595,975,57.55,56,2,1,0
2026-05-23T14:08:28.141+00:00,46,4143,4000,9.7,7.652,975,57.4,56,2,1,0
2026-05-23T14:08:28.241+00:00,46,4018,4000,9.7,7.421,976,57.4,56,2,1,0
2026-05-23T14:08:28.341+00:00,46,4148,4000,9.7,7.661,994,60.56,56,2,1,0
2026-05-23T14:08:28.441+00:00,46,4078,4000,9.7,7.532,1044,60.56,57,2,1,0
2026-05-23T14:08:28.541+00:00,46,3957,4000,9.7,7.308,1059,60.56,57,2,1,0
2026-05-23T14:08:28.641+00:00,46,3957,4000,9.7,7.308,1032,58.7,57,2,1,0
2026-05-23T14:08:28.741+00:00,46,3917,4000,9.7,7.234,1014,58.7,57,2,1,0
2026-05-23T14:08:28.841+00:00,46,4008,4000,9.7,7.402,1007,58.99,58,2,1,0
2026-05-23T14:08:28.941+00:00,46,4023,4000,9.7,7.43,1008,58.99,58,2,1,0
2026-05-23T14:08:29.041+00:00,46,4084,4000,9.8,7.621,1008,58.99,58,2,1,0
2026-05-23T14:08:29.141+00:00,46,4059,4000,9.8,7.574,979,56.91,58,2,1,0
2026-05-23T14:08:29.241+00:00,46,4059,4000,9.7,7.497,960,56.91,59,2,1,0
2026-05-23T14:08:29.341+00:00,46,4057,4400,9.7,7.493,935,49.98,59,2,1,0
2026-05-23T14:08:29.577+00:00,46,4103,4400,9.6,7.5,792,49.98,59,2,1,0
2026-05-23T14:08:29.677+00:00,46,4129,4400,9.5,7.469,780,49.23,59,2,1,0
2026-05-23T14:08:29.777+00:00,46,4217,4400,9.5,7.628,784,49.23,59,2,1,0
2026-05-23T14:08:29.877+00:00,46,4288,4400,9.4,7.675,792,48.89,59,2,1,0
2026-05-23T14:08:29.977+00:00,46,4219,4400,9.4,7.551,799,48.89,60,2,1,0
2026-05-23T14:08:30.077+00:00,46,4372,4400,9.3,7.742,810,48.89,60,2,1,0
2026-05-23T14:08:30.177+00:00,46,4347,4400,9.3,7.697,830,49.46,60,2,1,0
2026-05-23T14:08:30.277+00:00,46,4349,4400,9.2,7.618,846,49.46,60,2,1,0
2026-05-23T14:08:30.377+00:00,46,4459,4400,9.2,7.811,878,52.17,60,2,1,0
2026-05-23T14:08:30.565+00:00,46,4409,4400,9.2,7.723,943,52.17,61,2,1,0
2026-05-23T14:08:30.665+00:00,46,4473,4400,9.2,7.835,942,51.46,61,2,1,0
2026-05-23T14:08:30.765+00:00,46,4331,4400,9.2,7.587,937,51.46,61,2,1,0
2026-05-23T14:08:30.865+00:00,46,4479,4400,9.2,7.846,944,54.2,61,2,1,0
2026-05-23T14:08:30.965+00:00,46,4441,4400,9.2,7.779,994,54.2,62,2,1,0
2026-05-23T14:08:31.065+00:00,46,4363,4400,9.2,7.643,1009,54.2,62,2,1,0
2026-05-23T14:08:31.165+00:00,46,4383,4400,9.2,7.678,977,51.82,62,2,1,0
2026-05-23T14:08:31.265+00:00,46,4306,4400,9.2,7.543,951,51.82,62,2,1,0
2026-05-23T14:08:31.365+00:00,46,4294,4400,9.2,7.522,941,51.93,62,2,1,0
2026-05-23T14:08:31.465+00:00,46,4344,4400,9.2,7.609,938,51.93,63,2,1,0
2026-05-23T14:08:31.565+00:00,46,4467,4400,9.2,7.825,938,51.93,63,2,1,0
2026-05-23T14:08:31.665+00:00,46,4394,4400,9.2,7.697,961,53.71,63,2,1,0
2026-05-23T14:08:31.765+00:00,46,4305,4400,9.2,7.541,982,53.71,63,2,1,0
2026-05-23T14:08:31.865+00:00,46,4370,4400,9.3,7.738,988,53.71,63,2,1,0
2026-05-23T14:08:31.965+00:00,46,4447,4400,9.3,7.875,989,53.73,64,2,1,0
2026-05-23T14:08:32.065+00:00,46,4412,4400,9.3,7.813,987,53.73,64,2,1,0
2026-05-23T14:08:32.166+00:00,46,4267,4400,9.3,7.556,981,53.45,64,2,1,0
2026-05-23T14:08:32.265+00:00,46,4282,4400,9.3,7.582,975,53.45,64,2,1,0
2026-05-23T14:08:32.365+00:00,46,4247,4400,9.3,7.52,971,53.45,65,2,1,0
2026-05-23T14:08:32.601+00:00,46,4359,4400,9.3,7.719,909,51.28,65,2,1,0
2026-05-23T14:08:32.701+00:00,46,4426,4400,9.3,7.837,910,51.45,65,2,1,0
2026-05-23T14:08:32.801+00:00,46,4291,4400,9.3,7.598,913,51.45,65,2,1,0
2026-05-23T14:08:32.901+00:00,46,4383,4400,9.3,7.761,920,52.84,66,2,1,0
2026-05-23T14:08:33.001+00:00,46,4391,4400,9.2,7.692,948,52.84,66,2,1,0
2026-05-23T14:08:33.101+00:00,46,4304,4400,9.3,7.621,958,52.84,66,2,1,0
2026-05-23T14:08:33.201+00:00,46,4455,4400,9.3,7.889,979,54.03,66,2,1,0
2026-05-23T14:08:33.301+00:00,46,4377,4400,9.3,7.751,991,54.03,66,2,1,0
2026-05-23T14:08:33.401+00:00,46,4340,4400,9.3,7.685,989,52.42,67,2,1,0
2026-05-23T14:08:33.537+00:00,46,4445,4400,9.3,7.871,954,52.42,67,2,1,0
2026-05-23T14:08:33.637+00:00,46,4265,4400,9.3,7.552,946,52.42,67,2,1,0
2026-05-23T14:08:33.737+00:00,46,4317,4400,9.3,7.644,900,50.08,67,2,1,0
2026-05-23T14:08:33.837+00:00,46,4388,4400,9.3,7.77,883,50.08,67,2,1,0
2026-05-23T14:08:33.937+00:00,46,4293,4400,9.2,7.52,882,50.32,67,2,1,0
2026-05-23T14:08:34.037+00:00,46,4467,4400,9.2,7.825,887,50.32,68,2,1,0
2026-05-23T14:08:34.137+00:00,46,4340,4400,9.2,7.602,891,50.32,68,2,1,0
2026-05-23T14:08:34.237+00:00,46,4350,4400,9.2,7.62,900,50.57,68,2,1,0
2026-05-23T14:08:34.337+00:00,46,4461,4400,9.2,7.814,906,50.57,68,2,1,0
2026-05-23T14:08:34.437+00:00,46,4526,4400,9.2,7.928,931,52.99,68,2,1,0
2026-05-23T14:08:34.537+00:00,46,4473,4400,9.2,7.835,967,52.99,68,2,1,0
2026-05-23T14:08:34.637+00:00,46,4386,4400,9.2,7.683,982,52.99,69,2,1,0
2026-05-23T14:08:34.737+00:00,46,4377,4400,9.2,7.667,1011,54.54,69,2,1,0
2026-05-23T14:08:34.837+00:00,46,4436,4400,9.2,7.771,1024,54.54,69,2,1,0
2026-05-23T14:08:34.937+00:00,46,4391,4400,9.2,7.692,1018,53.44,69,2,1,0
2026-05-23T14:08:35.037+00:00,46,4276,4400,9.3,7.572,995,53.44,69,2,1,0
2026-05-23T14:08:35.137+00:00,46,4345,4400,9.3,7.694,985,53.44,70,2,1,0
2026-05-23T14:08:35.237+00:00,46,4355,4400,9.3,7.712,941,51.05,70,2,1,0
2026-05-23T14:08:35.337+00:00,46,4316,4400,9.3,7.643,916,51.05,70,2,1,0
2026-05-23T14:08:35.572+00:00,46,4423,4400,9.2,7.748,908,51.1,70,2,1,0
2026-05-23T14:08:35.673+00:00,46,4331,4400,9.2,7.587,911,52.73,70,2,1,0
2026-05-23T14:08:35.772+00:00,46,4346,4400,9.2,7.613,946,52.73,71,2,1,0
2026-05-23T14:08:35.872+00:00,46,4389,4400,9.2,7.688,958,52.73,71,2,1,0
2026-05-23T14:08:35.972+00:00,46,4341,4400,9.2,7.604,953,51.9,71,2,1,0
2026-05-23T14:08:36.072+00:00,46,4359,4400,9.2,7.636,945,51.9,71,2,1,0
2026-05-23T14:08:36.172+00:00,46,4301,4400,9.2,7.534,941,51.9,71,2,1,0
2026-05-23T14:08:36.272+00:00,46,4463,4400,9.2,7.818,910,50.3,71,2,1,0
2026-05-23T14:08:36.373+00:00,46,4413,4400,9.2,7.73,899,50.3,72,2,1,0
2026-05-23T14:08:36.472+00:00,46,4338,4400,9.2,7.599,899,50.5,72,2,1,0
2026-05-23T14:08:36.572+00:00,46,4475,4400,9.2,7.839,903,50.5,72,2,1,0
2026-05-23T14:08:36.672+00:00,46,4355,4400,9.2,7.629,906,50.5,72,2,1,0
2026-05-23T14:08:36.772+00:00,46,4532,4400,9.2,7.939,920,51.13,72,2,1,0
2026-05-23T14:08:36.872+00:00,46,4476,4400,9.2,7.841,928,51.13,72,2,1,0
2026-05-23T14:08:36.972+00:00,46,4511,4400,9.2,7.902,947,53.0,73,2,1,0
2026-05-23T14:08:37.072+00:00,46,4442,4400,9.2,7.781,977,53.0,73,2,1,0
2026-05-23T14:08:37.172+00:00,46,4370,4400,9.2,7.655,986,53.0,73,2,1,0
2026-05-23T14:08:37.272+00:00,46,4438,4400,9.2,7.774,995,53.48,73,2,1,0
2026-05-23T14:08:37.372+00:00,46,4376,4400,9.2,7.665,997,53.48,73,2,1,0
2026-05-23T14:08:37.472+00:00,46,4295,4400,9.2,7.524,999,53.97,73,2,1,0
2026-05-23T14:08:37.572+00:00,46,4335,4400,9.2,7.594,1003,53.97,74,2,1,0
2026-05-23T14:08:37.672+00:00,46,4320,4400,9.3,7.65,1001,53.97,74,2,1,0
2026-05-23T14:08:37.772+00:00,46,4374,4400,9.3,7.745,942,50.5,74,2,1,0
2026-05-23T14:08:37.872+00:00,46,4344,4400,9.3,7.692,908,50.5,74,2,1,0
2026-05-23T14:08:37.972+00:00,46,4450,4400,9.2,7.795,893,49.88,74,2,1,0
2026-05-23T14:08:38.072+00:00,46,4444,4400,9.2,7.785,881,49.88,74,2,1,0
2026-05-23T14:08:38.172+00:00,46,4355,4400,9.2,7.629,880,49.88,74,2,1,0
2026-05-23T14:08:38.272+00:00,46,4423,4400,9.2,7.748,935,53.63,75,2,1,0
2026-05-23T14:08:38.372+00:00,46,4342,4400,9.2,7.606,980,53.63,75,2,1,0
2026-05-23T14:08:38.472+00:00,46,4436,4400,9.2,7.771,984,50.73,75,2,1,0
2026-05-23T14:08:38.572+00:00,46,4476,4400,9.2,7.841,938,50.73,75,2,1,0
2026-05-23T14:08:38.672+00:00,46,4328,4400,9.2,7.581,918,50.73,75,2,1,0
2026-05-23T14:08:38.772+00:00,46,4350,4400,9.2,7.62,917,51.11,75,2,1,0
2026-05-23T14:08:38.872+00:00,46,4435,4400,9.2,7.769,921,51.11,75,2,1,0
2026-05-23T14:08:38.972+00:00,46,4455,4400,9.2,7.804,923,52.61,76,2,1,0
2026-05-23T14:08:39.072+00:00,46,4415,4400,9.2,7.734,955,52.61,76,2,1,0
2026-05-23T14:08:39.172+00:00,46,4447,4400,9.2,7.79,966,52.61,76,2,1,0
2026-05-23T14:08:39.272+00:00,46,4359,4400,9.2,7.636,972,52.79,76,2,1,0
2026-05-23T14:08:39.372+00:00,46,4424,4400,9.2,7.75,974,52.79,76,2,1,0
2026-05-23T14:08:39.472+00:00,46,4375,4400,9.2,7.664,973,52.79,76,2,1,0
2026-05-23T14:08:39.572+00:00,46,4516,4800,9.2,7.911,769,41.62,76,2,1,0
2026-05-23T14:08:39.672+00:00,46,4541,4800,9.1,7.868,691,41.62,77,2,1,0
2026-05-23T14:08:39.772+00:00,46,4470,4800,9.1,7.745,687,43.21,77,2,1,0
2026-05-23T14:08:39.872+00:00,46,4536,4800,9.2,7.946,708,43.21,77,2,1,0
2026-05-23T14:08:39.972+00:00,46,4623,4800,9.2,8.098,725,43.21,77,2,1,0
2026-05-23T14:08:40.072+00:00,46,4732,4800,9.2,8.289,753,43.8,77,2,1,0
2026-05-23T14:08:40.172+00:00,46,4687,4800,9.3,8.3,772,43.8,77,2,1,0
2026-05-23T14:08:40.272+00:00,46,4875,4800,9.3,8.632,792,44.13,77,2,1,0
2026-05-23T14:08:40.372+00:00,46,4900,4800,9.3,8.677,810,44.13,77,2,1,0
2026-05-23T14:08:40.472+00:00,46,4908,4800,9.3,8.691,824,44.13,77,2,1,0
2026-05-23T14:08:40.572+00:00,46,4912,4800,9.4,8.791,922,48.75,77,2,1,0
2026-05-23T14:08:40.672+00:00,46,4881,4800,9.4,8.736,978,48.75,78,2,1,0
2026-05-23T14:08:40.772+00:00,46,4776,4800,9.4,8.548,1009,50.05,78,2,1,0
2026-05-23T14:08:40.872+00:00,46,4756,4800,9.3,8.422,1036,50.05,78,2,1,0
2026-05-23T14:08:40.972+00:00,46,4757,4800,9.3,8.423,1043,50.05,78,2,1,0
2026-05-23T14:08:41.072+00:00,46,4833,4800,9.3,8.558,1043,50.18,78,2,1,0
2026-05-23T14:08:41.172+00:00,46,4882,4800,9.3,8.645,1038,50.18,79,2,1,0
2026-05-23T14:08:41.272+00:00,46,4730,4800,9.3,8.376,1013,47.31,79,2,1,0
2026-05-23T14:08:41.372+00:00,46,4688,4800,9.3,8.301,954,47.31,79,2,1,0
2026-05-23T14:08:41.472+00:00,46,4672,4800,9.3,8.273,934,47.31,79,2,1,0
2026-05-23T14:08:41.572+00:00,46,4746,4800,9.3,8.404,905,46.12,79,2,1,0
2026-05-23T14:08:41.672+00:00,46,4842,4800,9.3,8.574,892,46.12,79,2,1,0
2026-05-23T14:08:41.772+00:00,46,4756,4800,9.3,8.422,889,46.05,79,2,1,0
2026-05-23T14:08:41.872+00:00,46,4822,4800,9.3,8.539,890,46.05,80,2,1,0
2026-05-23T14:08:41.972+00:00,46,4875,4800,9.3,8.632,894,46.05,80,2,1,0
2026-05-23T14:08:42.072+00:00,46,4869,4800,9.3,8.622,948,49.26,80,2,1,0
2026-05-23T14:08:42.172+00:00,46,4876,4800,9.3,8.634,991,49.26,80,2,1,0
2026-05-23T14:08:42.272+00:00,46,4890,4800,9.3,8.659,1003,48.61,80,2,1,0
2026-05-23T14:08:42.372+00:00,46,4871,4800,9.3,8.625,993,48.61,80,2,1,0
2026-05-23T14:08:42.472+00:00,46,4774,4800,9.3,8.454,987,48.61,81,2,1,0
2026-05-23T14:08:42.572+00:00,46,4867,4800,9.3,8.618,1002,49.99,81,2,1,0
2026-05-23T14:08:42.672+00:00,46,4794,4800,9.3,8.489,1017,49.99,81,2,1,0
2026-05-23T14:08:42.772+00:00,46,4801,4800,9.3,8.501,1019,46.46,81,2,1,0
2026-05-23T14:08:42.872+00:00,46,4790,4800,9.3,8.482,938,46.46,81,2,1,0
2026-05-23T14:08:42.972+00:00,46,4792,4800,9.3,8.485,911,46.46,81,2,1,0
2026-05-23T14:08:43.072+00:00,46,4793,4800,9.3,8.487,919,47.83,82,2,1,0
2026-05-23T14:08:43.172+00:00,46,4745,4800,9.3,8.402,934,47.83,82,2,1,0
2026-05-23T14:08:43.272+00:00,46,4874,4800,9.3,8.631,942,47.83,82,2,1,0
2026-05-23T14:08:43.372+00:00,46,4854,4800,9.3,8.595,928,46.99,82,2,1,0
2026-05-23T14:08:43.472+00:00,46,4843,4800,9.3,8.576,924,46.99,82,2,1,0
2026-05-23T14:08:43.572+00:00,46,4707,4800,9.3,8.335,942,48.63,82,2,1,0
2026-05-23T14:08:43.672+00:00,46,4771,4800,9.3,8.448,967,48.63,82,2,1,0
2026-05-23T14:08:43.772+00:00,46,4822,4800,9.3,8.539,976,48.63,83,2,1,0
2026-05-23T14:08:43.872+00:00,46,4734,4800,9.3,8.383,949,47.21,83,2,1,0
2026-05-23T14:08:43.972+00:00,46,4887,4800,9.3,8.654,938,47.21,83,2,1,0
2026-05-23T14:08:44.072+00:00,46,4823,4800,9.3,8.54,950,48.61,83,2,1,0
2026-05-23T14:08:44.172+00:00,46,4740,4800,9.3,8.393,968,48.61,83,2,1,0
2026-05-23T14:08:44.272+00:00,46,4769,4800,9.3,8.445,975,48.61,83,2,1,0
2026-05-23T14:08:44.372+00:00,46,4767,4800,9.3,8.441,984,48.93,84,2,1,0
2026-05-23T14:08:44.472+00:00,46,4782,4800,9.3,8.468,986,48.93,84,2,1,0
2026-05-23T14:08:44.572+00:00,46,4756,4800,9.3,8.422,982,48.62,84,2,1,0
2026-05-23T14:08:44.672+00:00,46,4689,4800,9.3,8.303,975,48.62,84,2,1,0
2026-05-23T14:08:44.772+00:00,46,4683,4800,9.3,8.292,971,48.62,84,2,1,0
2026-05-23T14:08:44.872+00:00,46,4844,4800,9.3,8.578,936,46.74,84,2,1,0
2026-05-23T14:08:44.972+00:00,46,4816,4800,9.3,8.528,915,46.74,84,2,1,0
2026-05-23T14:08:45.072+00:00,46,4864,4800,9.3,8.613,922,48.79,85,2,1,0
2026-05-23T14:08:45.172+00:00,46,4687,4800,9.3,8.3,958,48.79,85,2,1,0
2026-05-23T14:08:45.272+00:00,46,4752,4800,9.3,8.415,971,48.79,85,2,1,0
2026-05-23T14:08:45.372+00:00,46,4691,4800,9.3,8.307,957,47.75,85,2,1,0
2026-05-23T14:08:45.472+00:00,46,4803,4800,9.3,8.505,948,47.75,85,2,1,0
2026-05-23T14:08:45.572+00:00,46,4866,4800,9.3,8.616,948,48.42,85,2,1,0
2026-05-23T14:08:45.672+00:00,46,4724,4800,9.3,8.365,958,48.42,85,2,1,0
2026-05-23T14:08:45.772+00:00,46,4750,4800,9.3,8.411,962,48.42,86,2,1,0
2026-05-23T14:08:45.872+00:00,46,4763,4800,9.3,8.434,964,48.45,86,2,1,0
2026-05-23T14:08:45.972+00:00,46,4852,4800,9.3,8.592,964,48.45,86,2,1,0
2026-05-23T14:08:46.072+00:00,46,4802,4800,9.3,8.503,960,47.32,86,2,1,0
2026-05-23T14:08:46.172+00:00,46,4867,4800,9.3,8.618,938,47.32,86,2,1,0
2026-05-23T14:08:46.272+00:00,46,4828,4800,9.3,8.549,929,47.32,86,2,1,0
2026-05-23T14:08:46.372+00:00,46,4696,4800,9.3,8.315,916,46.51,86,2,1,0
2026-05-23T14:08:46.472+00:00,46,4695,4800,9.3,8.314,906,46.51,86,2,1,0
2026-05-23T14:08:46.572+00:00,46,4826,4800,9.3,8.546,905,48.81,87,2,1,0
2026-05-23T14:08:46.672+00:00,46,4835,4800,9.3,8.562,957,48.81,87,2,1,0
2026-05-23T14:08:46.772+00:00,46,4877,4800,9.3,8.636,976,48.81,87,2,1,0
2026-05-23T14:08:46.872+00:00,46,4854,4800,9.3,8.595,998,49.87,87,2,1,0
2026-05-23T14:08:46.972+00:00,46,4834,4800,9.3,8.56,1012,49.87,87,2,1,0
2026-05-23T14:08:47.072+00:00,46,4761,4800,9.3,8.431,1015,49.87,87,2,1,0
2026-05-23T14:08:47.172+00:00,46,4712,4800,9.3,8.344,976,48.13,87,2,1,0
2026-05-23T14:08:47.272+00:00,46,4715,4800,9.3,8.349,959,48.13,87,2,1,0
2026-05-23T14:08:47.372+00:00,46,4785,4800,9.3,8.473,952,48.18,88,2,1,0
2026-05-23T14:08:47.473+00:00,46,4807,4800,9.3,8.512,949,48.18,88,2,1,0
2026-05-23T14:08:47.572+00:00,46,4764,4800,9.3,8.436,948,48.18,88,2,1,0
2026-05-23T14:08:47.672+00:00,46,4831,4800,9.3,8.555,945,48.01,88,2,1,0
2026-05-23T14:08:47.772+00:00,46,4835,4800,9.3,8.562,944,48.01,88,2,1,0
2026-05-23T14:08:47.872+00:00,46,4746,4800,9.3,8.404,921,45.51,88,2,1,0
2026-05-23T14:08:47.972+00:00,46,4698,4800,9.3,8.319,883,45.51,88,2,1,0
2026-05-23T14:08:48.072+00:00,46,4811,4800,9.3,8.519,872,45.51,88,2,1,0
2026-05-23T14:08:48.172+00:00,46,4787,4800,9.3,8.477,931,48.7,88,2,1,0
2026-05-23T14:08:48.272+00:00,46,4790,4800,9.3,8.482,963,48.7,89,2,1,0
2026-05-23T14:08:48.372+00:00,46,4789,4800,9.3,8.48,978,48.85,89,2,1,0
2026-05-23T14:08:48.472+00:00,46,4793,4800,9.3,8.487,984,48.85,89,2,1,0
2026-05-23T14:08:48.572+00:00,46,4811,4800,9.3,8.519,985,48.85,89,2,1,0
2026-05-23T14:08:48.672+00:00,46,4808,4800,9.3,8.514,991,49.3,89,2,1,0
2026-05-23T14:08:48.772+00:00,46,4752,4800,9.3,8.415,994,49.3,89,2,1,0
2026-05-23T14:08:48.872+00:00,46,4728,4800,9.3,8.372,994,49.57,89,2,1,0
2026-05-23T14:08:48.972+00:00,46,4724,4800,9.3,8.365,996,49.57,90,2,1,0
2026-05-23T14:08:49.078+00:00,46,4783,4800,9.3,8.47,994,49.57,90,2,1,0
2026-05-23T14:08:49.172+00:00,46,4672,4800,9.3,8.273,971,48.26,90,2,1,0
2026-05-23T14:08:49.272+00:00,46,4688,4800,9.3,8.301,954,48.26,90,2,1,0
2026-05-23T14:08:49.372+00:00,46,4632,5200,9.3,8.202,910,37.07,90,2,1,0
2026-05-23T14:08:49.472+00:00,46,4740,5200,9.3,8.393,716,37.07,90,2,1,0
2026-05-23T14:08:49.572+00:00,46,4804,5200,9.3,8.507,643,37.07,90,2,1,0
2026-05-23T14:08:49.672+00:00,46,4895,5200,9.4,8.761,623,36.73,90,2,1,0
2026-05-23T14:08:49.772+00:00,46,4918,5200,9.4,8.802,623,36.73,90,2,1,0
2026-05-23T14:08:49.876+00:00,46,5122,5200,9.4,9.167,633,40.27,90,2,1,0
2026-05-23T14:08:49.973+00:00,46,5078,5200,9.4,9.089,722,40.27,90,2,1,0
2026-05-23T14:08:50.072+00:00,46,5142,5200,9.4,9.203,765,40.27,90,2,1,0
2026-05-23T14:08:50.173+00:00,46,5266,5200,9.4,9.425,808,41.3,90,2,1,0
2026-05-23T14:08:50.272+00:00,46,5312,5200,9.4,9.507,839,41.3,90,2,1,0
2026-05-23T14:08:50.372+00:00,46,5387,5200,9.4,9.642,857,41.3,90,2,1,0
2026-05-23T14:08:50.472+00:00,46,5331,5200,9.4,9.541,963,45.4,90,2,1,0
2026-05-23T14:08:50.572+00:00,46,5387,5200,9.4,9.642,1009,45.4,91,2,1,0
2026-05-23T14:08:50.672+00:00,46,5212,5200,9.4,9.328,1044,46.62,91,2,1,0
2026-05-23T14:08:50.772+00:00,46,5276,5200,9.4,9.443,1067,46.62,91,2,1,0
2026-05-23T14:08:50.872+00:00,46,5172,5200,9.4,9.257,1072,46.62,91,2,1,0
2026-05-23T14:08:50.972+00:00,46,5287,5200,9.4,9.463,1058,46.14,91,2,1,0
2026-05-23T14:08:51.072+00:00,46,5278,5200,9.4,9.447,1046,46.14,92,2,1,0
2026-05-23T14:08:51.172+00:00,46,5272,5200,9.4,9.436,1011,43.47,92,2,1,0
2026-05-23T14:08:51.272+00:00,46,5248,5200,9.4,9.393,957,43.47,92,2,1,0
2026-05-23T14:08:51.372+00:00,46,5156,5200,9.4,9.228,938,43.47,92,2,1,0
2026-05-23T14:08:51.472+00:00,46,5265,5200,9.4,9.423,930,43.42,92,2,1,0
2026-05-23T14:08:51.572+00:00,46,5163,5200,9.4,9.241,929,43.42,92,2,1,0
2026-05-23T14:08:51.672+00:00,46,5322,5200,9.4,9.525,947,45.09,92,2,1,0
2026-05-23T14:08:51.772+00:00,46,5164,5200,9.4,9.242,977,45.09,93,2,1,0
2026-05-23T14:08:51.872+00:00,46,5258,5200,9.4,9.411,990,45.09,93,2,1,0
2026-05-23T14:08:51.972+00:00,46,5232,5200,9.4,9.364,998,45.31,93,2,1,0
2026-05-23T14:08:52.072+00:00,46,5242,5200,9.4,9.382,1001,45.31,93,2,1,0
2026-05-23T14:08:52.172+00:00,46,5254,5200,9.4,9.404,996,44.7,93,2,1,0
2026-05-23T14:08:52.272+00:00,46,5190,5200,9.4,9.289,983,44.7,93,2,1,0
2026-05-23T14:08:52.372+00:00,46,5104,5200,9.4,9.135,977,44.7,94,2,1,0
2026-05-23T14:08:52.472+00:00,46,5227,5200,9.4,9.355,938,42.6,94,2,1,0
2026-05-23T14:08:52.572+00:00,46,5264,5200,9.4,9.421,910,42.6,94,2,1,0
2026-05-23T14:08:52.672+00:00,46,5134,5200,9.4,9.189,913,45.47,94,2,1,0
2026-05-23T14:08:52.772+00:00,46,5147,5200,9.4,9.212,975,45.47,94,2,1,0
2026-05-23T14:08:52.872+00:00,46,5152,5200,9.4,9.221,997,45.47,94,2,1,0
2026-05-23T14:08:52.972+00:00,46,5181,5200,9.4,9.273,981,44.08,94,2,1,0
2026-05-23T14:08:53.072+00:00,46,5266,5200,9.4,9.425,966,44.08,94,2,1,0
2026-05-23T14:08:53.172+00:00,46,5236,5200,9.4,9.371,954,42.61,95,2,1,0
2026-05-23T14:08:53.272+00:00,46,5314,5200,9.4,9.511,922,42.61,95,2,1,0
2026-05-23T14:08:53.372+00:00,46,5250,5200,9.4,9.396,910,42.61,95,2,1,0
2026-05-23T14:08:53.472+00:00,46,5218,5200,9.4,9.339,953,45.61,95,2,1,0
2026-05-23T14:08:53.573+00:00,46,5177,5200,9.4,9.266,996,45.61,95,2,1,0
2026-05-23T14:08:53.672+00:00,46,5289,5200,9.4,9.466,1014,45.61,95,2,1,0
2026-05-23T14:08:53.772+00:00,46,5300,5200,9.4,9.486,1054,47.14,95,2,1,0
2026-05-23T14:08:53.872+00:00,46,5170,5200,9.4,9.253,1067,47.14,96,2,1,0
2026-05-23T14:08:53.972+00:00,46,5138,5200,9.4,9.196,1030,44.32,96,2,1,0
2026-05-23T14:08:54.072+00:00,46,5191,5200,9.4,9.291,980,44.32,96,2,1,0
2026-05-23T14:08:54.172+00:00,46,5068,5200,9.4,9.071,962,44.32,96,2,1,0
2026-05-23T14:08:54.272+00:00,46,5091,5200,9.4,9.112,917,42.64,96,2,1,0
2026-05-23T14:08:54.372+00:00,46,5176,5200,9.4,9.264,901,42.64,96,2,1,0
2026-05-23T14:08:54.473+00:00,46,5193,5200,9.4,9.294,891,42.18,96,2,1,0
2026-05-23T14:08:54.572+00:00,46,5138,5200,9.4,9.196,886,42.18,96,2,1,0
2026-05-23T14:08:54.672+00:00,46,5200,5200,9.4,9.307,887,42.18,97,2,1,0
2026-05-23T14:08:54.772+00:00,46,5316,5200,9.4,9.515,940,44.52,97,2,1,0
2026-05-23T14:08:54.872+00:00,46,5245,5200,9.4,9.387,968,44.52,97,2,1,0
2026-05-23T14:08:54.972+00:00,46,5260,5200,9.4,9.414,1008,47.26,97,2,1,0
2026-05-23T14:08:55.072+00:00,46,5150,5200,9.4,9.217,1059,47.26,97,2,1,0
2026-05-23T14:08:55.172+00:00,46,5297,5200,9.4,9.481,1077,47.26,97,2,1,0
2026-05-23T14:08:55.272+00:00,46,5277,5200,9.4,9.445,1072,46.95,97,2,1,0
2026-05-23T14:08:55.372+00:00,46,5162,5200,9.4,9.239,1063,46.95,98,2,1,0
2026-05-23T14:08:55.472+00:00,46,5186,5200,9.4,9.282,1037,44.45,98,2,1,0
2026-05-23T14:08:55.572+00:00,46,5216,5200,9.4,9.336,980,44.45,98,2,1,0
2026-05-23T14:08:55.672+00:00,46,5125,5200,9.4,9.173,959,44.45,98,2,1,0
2026-05-23T14:08:55.773+00:00,46,5054,5200,9.4,9.046,918,42.51,98,2,1,0
2026-05-23T14:08:55.872+00:00,46,5092,5200,9.4,9.114,892,42.51,98,2,1,0
2026-05-23T14:08:55.972+00:00,46,5090,5200,9.4,9.11,890,43.86,98,2,1,0
2026-05-23T14:08:56.072+00:00,46,5278,5200,9.4,9.447,920,43.86,98,2,1,0
2026-05-23T14:08:56.172+00:00,46,5298,5200,9.4,9.482,933,43.86,98,2,1,0
2026-05-23T14:08:56.272+00:00,46,5116,5200,9.4,9.157,966,45.35,99,2,1,0
2026-05-23T14:08:56.372+00:00,46,5202,5200,9.4,9.311,988,45.35,99,2,1,0
2026-05-23T14:08:56.472+00:00,46,5207,5200,9.4,9.319,995,44.88,99,2,1,0
2026-05-23T14:08:56.572+00:00,46,5242,5200,9.4,9.382,987,44.88,99,2,1,0
2026-05-23T14:08:56.672+00:00,46,5160,5200,9.4,9.235,983,44.88,99,2,1,0
2026-05-23T14:08:56.772+00:00,46,5149,5200,9.4,9.216,1001,46.24,99,2,1,0
2026-05-23T14:08:56.872+00:00,46,5234,5200,9.4,9.368,1019,46.24,99,2,1,0
2026-05-23T14:08:56.972+00:00,46,5078,5200,9.4,9.089,1023,45.26,99,2,1,0
2026-05-23T14:08:57.072+00:00,46,5080,5200,9.4,9.092,998,45.26,100,2,1,0
2026-05-23T14:08:57.172+00:00,46,5239,5200,9.4,9.377,988,45.26,100,2,1,0
2026-05-23T14:08:57.272+00:00,46,5240,5200,9.4,9.379,993,45.95,100,2,1,0
2026-05-23T14:08:57.372+00:00,46,5046,5200,9.4,9.031,999,45.95,100,2,1,0
2026-05-23T14:08:57.472+00:00,46,5133,5200,9.4,9.187,1001,45.95,100,2,1,0
2026-05-23T14:08:57.572+00:00,46,5144,5200,9.4,9.207,941,43.34,100,2,1,0
2026-05-23T14:08:57.673+00:00,46,5205,5200,9.4,9.316,918,43.34,100,2,1,0
2026-05-23T14:08:57.772+00:00,46,5226,5200,9.4,9.353,923,44.39,100,2,1,0
2026-05-23T14:08:57.872+00:00,46,5161,5200,9.4,9.237,938,44.39,100,2,1,0
2026-05-23T14:08:57.973+00:00,46,5152,5200,9.4,9.221,946,44.39,100,2,1,0
2026-05-23T14:08:58.073+00:00,46,5209,5200,9.4,9.323,987,46.01,101,2,1,0
2026-05-23T14:08:58.172+00:00,46,5190,5200,9.4,9.289,1003,46.01,101,2,1,0
2026-05-23T14:08:58.272+00:00,46,5143,5200,9.4,9.205,982,43.32,101,2,1,0
2026-05-23T14:08:58.372+00:00,46,5124,5200,9.4,9.171,935,43.32,101,2,1,0
2026-05-23T14:08:58.472+00:00,46,5245,5200,9.4,9.387,920,43.32,101,2,1,0
2026-05-23T14:08:58.572+00:00,46,5209,5200,9.4,9.323,929,43.96,101,2,1,0
2026-05-23T14:08:58.673+00:00,46,5248,5200,9.4,9.393,936,43.96,101,2,1,0
2026-05-23T14:08:58.772+00:00,46,5271,5200,9.4,9.434,935,43.36,101,2,1,0
2026-05-23T14:08:58.872+00:00,46,5135,5200,9.4,9.191,928,43.36,101,2,1,0
2026-05-23T14:08:58.972+00:00,46,5160,5200,9.4,9.235,927,43.36,101,2,1,0
2026-05-23T14:08:59.072+00:00,46,5311,5200,9.4,9.506,935,43.71,102,2,1,0
2026-05-23T14:08:59.172+00:00,46,5220,5200,9.4,9.343,941,43.71,102,2,1,0
2026-05-23T14:08:59.272+00:00,46,5149,5200,9.4,9.216,959,45.79,102,2,1,0
2026-05-23T14:08:59.372+00:00,46,5314,5200,9.4,9.511,1003,45.79,102,2,1,0
2026-05-23T14:08:59.472+00:00,46,5263,5200,9.4,9.42,1018,45.79,102,2,1,0
2026-05-23T14:08:59.572+00:00,46,5261,5600,9.4,9.416,828,35.55,102,2,1,0
2026-05-23T14:08:59.672+00:00,46,5348,5600,9.4,9.572,726,35.55,102,2,1,0
2026-05-23T14:08:59.772+00:00,46,5351,5600,9.4,9.577,676,33.41,102,2,1,0
2026-05-23T14:08:59.872+00:00,46,5372,5600,9.4,9.615,636,33.41,102,2,1,0
2026-05-23T14:08:59.972+00:00,46,5477,5600,9.4,9.803,628,33.41,102,2,1,0
2026-05-23T14:09:00.072+00:00,46,5648,5600,9.2,9.894,695,37.31,102,2,1,0
2026-05-23T14:09:00.172+00:00,46,5605,5600,9.0,9.605,752,37.31,102,2,1,0
2026-05-23T14:09:00.272+00:00,46,5558,5600,8.9,9.419,797,40.43,102,2,1,0
2026-05-23T14:09:00.372+00:00,46,5591,5600,8.8,9.368,879,40.43,102,2,1,0
2026-05-23T14:09:00.472+00:00,46,5678,5600,8.8,9.514,919,40.43,102,2,1,0
2026-05-23T14:09:00.572+00:00,46,5696,5600,8.8,9.544,941,41.05,102,2,1,0
2026-05-23T14:09:00.673+00:00,46,5664,5600,8.9,9.598,957,41.05,102,2,1,0
2026-05-23T14:09:00.772+00:00,46,5591,5600,8.9,9.474,961,41.05,103,2,1,0
2026-05-23T14:09:00.872+00:00,46,5539,5600,9.0,9.492,969,41.4,103,2,1,0
2026-05-23T14:09:00.972+00:00,46,5534,5600,9.0,9.483,971,41.4,103,2,1,0
2026-05-23T14:09:01.072+00:00,46,5625,5600,9.1,9.746,962,40.81,103,2,1,0
2026-05-23T14:09:01.172+00:00,46,5505,5600,9.1,9.538,950,40.81,103,2,1,0
2026-05-23T14:09:01.272+00:00,46,5546,5600,9.1,9.609,944,40.81,103,2,1,0
2026-05-23T14:09:01.372+00:00,46,5550,5600,9.1,9.616,929,40.27,103,2,1,0
2026-05-23T14:09:01.472+00:00,46,5500,5600,9.1,9.53,922,40.27,103,2,1,0
2026-05-23T14:09:01.572+00:00,46,5509,5600,9.1,9.545,933,41.52,103,2,1,0
2026-05-23T14:09:01.672+00:00,46,5687,5600,9.1,9.854,956,41.52,104,2,1,0
2026-05-23T14:09:01.772+00:00,46,5583,5600,9.1,9.674,963,41.52,104,2,1,0
2026-05-23T14:09:01.872+00:00,46,5601,5600,9.1,9.705,921,39.53,104,2,1,0
2026-05-23T14:09:01.972+00:00,46,5585,5600,9.1,9.677,900,39.53,104,2,1,0
2026-05-23T14:09:02.072+00:00,46,5617,5600,9.1,9.732,894,39.7,104,2,1,0
2026-05-23T14:09:02.172+00:00,46,5531,5600,9.0,9.478,895,39.7,104,2,1,0
2026-05-23T14:09:02.272+00:00,46,5579,5600,9.0,9.56,897,39.7,104,2,1,0
2026-05-23T14:09:02.372+00:00,46,5544,5600,9.0,9.5,954,42.19,104,2,1,0
2026-05-23T14:09:02.472+00:00,46,5549,5600,9.1,9.615,982,42.19,104,2,1,0
2026-05-23T14:09:02.572+00:00,46,5507,5600,9.1,9.542,958,38.95,105,2,1,0
2026-05-23T14:09:02.672+00:00,46,5595,5600,9.1,9.694,902,38.95,105,2,1,0
2026-05-23T14:09:02.772+00:00,46,5585,5600,9.1,9.677,878,38.95,105,2,1,0
2026-05-23T14:09:02.872+00:00,46,5518,5600,9.0,9.456,921,41.67,105,2,1,0
2026-05-23T14:09:02.972+00:00,46,5522,5600,9.0,9.463,957,41.67,105,2,1,0
2026-05-23T14:09:03.072+00:00,46,5695,5600,9.1,9.868,975,42.38,105,2,1,0
2026-05-23T14:09:03.172+00:00,46,5641,5600,9.1,9.774,993,42.38,105,2,1,0
2026-05-23T14:09:03.272+00:00,46,5496,5600,9.2,9.627,998,42.38,105,2,1,0
2026-05-23T14:09:03.373+00:00,46,5490,5600,9.2,9.617,960,40.56,105,2,1,0
2026-05-23T14:09:03.472+00:00,46,5509,5600,9.2,9.65,937,40.56,106,2,1,0
2026-05-23T14:09:03.572+00:00,46,5590,5600,9.2,9.792,923,39.42,106,2,1,0
2026-05-23T14:09:03.672+00:00,46,5499,5600,9.2,9.633,894,39.42,106,2,1,0
2026-05-23T14:09:03.772+00:00,46,5530,5600,9.1,9.582,885,39.42,106,2,1,0
2026-05-23T14:09:03.872+00:00,46,5525,5600,9.1,9.573,877,39.08,106,2,1,0
2026-05-23T14:09:03.972+00:00,46,5668,5600,9.0,9.713,873,39.08,106,2,1,0
2026-05-23T14:09:04.072+00:00,46,5666,5600,9.0,9.709,871,38.5,106,2,1,0
2026-05-23T14:09:04.172+00:00,46,5553,5600,8.9,9.41,861,38.5,106,2,1,0
2026-05-23T14:09:04.273+00:00,46,5651,5600,8.9,9.576,858,38.5,106,2,1,0
2026-05-23T14:09:04.372+00:00,46,5562,5600,8.8,9.319,895,40.81,106,2,1,0
2026-05-23T14:09:04.472+00:00,46,5626,5600,8.9,9.534,930,40.81,106,2,1,0
2026-05-23T14:09:04.572+00:00,46,5677,5600,8.9,9.62,946,40.81,106,2,1,0
2026-05-23T14:09:04.672+00:00,46,5725,5600,8.9,9.702,998,42.75,107,2,1,0
2026-05-23T14:09:04.772+00:00,46,5680,5600,9.0,9.733,1018,42.75,107,2,1,0
2026-05-23T14:09:04.872+00:00,46,5511,5600,9.1,9.549,1016,42.33,107,2,1,0
2026-05-23T14:09:04.972+00:00,46,5574,5600,9.2,9.764,1006,42.33,107,2,1,0
2026-05-23T14:09:05.072+00:00,46,5513,5600,9.2,9.657,1000,42.33,107,2,1,0
2026-05-23T14:09:05.172+00:00,46,5506,5600,9.3,9.75,987,42.0,107,2,1,0
2026-05-23T14:09:05.272+00:00,46,5451,5600,9.3,9.652,980,42.0,107,2,1,0
2026-05-23T14:09:05.372+00:00,46,5573,5600,9.3,9.868,927,38.28,107,2,1,0
2026-05-23T14:09:05.472+00:00,46,5522,5600,9.3,9.778,867,38.28,107,2,1,0
2026-05-23T14:09:05.572+00:00,46,5603,5600,9.2,9.815,843,38.28,108,2,1,0
2026-05-23T14:09:05.672+00:00,46,5524,5600,9.1,9.571,863,39.45,108,2,1,0
2026-05-23T14:09:05.772+00:00,46,5692,5600,9.0,9.754,875,39.45,108,2,1,0
2026-05-23T14:09:05.872+00:00,46,5692,5600,9.0,9.754,887,39.84,108,2,1,0
2026-05-23T14:09:05.972+00:00,46,5539,5600,9.0,9.492,899,39.84,108,2,1,0
2026-05-23T14:09:06.072+00:00,46,5721,5600,9.0,9.804,904,39.84,108,2,1,0
2026-05-23T14:09:06.172+00:00,46,5729,5600,8.9,9.708,885,38.76,108,2,1,0
2026-05-23T14:09:06.272+00:00,46,5598,5600,8.9,9.486,873,38.76,108,2,1,0
2026-05-23T14:09:06.373+00:00,46,5700,5600,8.9,9.659,896,42.26,108,2,1,0
2026-05-23T14:09:06.472+00:00,46,5621,5600,8.9,9.525,970,42.26,108,2,1,0
2026-05-23T14:09:06.572+00:00,46,5648,5600,9.0,9.679,995,42.26,108,2,1,0
2026-05-23T14:09:06.672+00:00,46,5673,5600,9.0,9.721,951,39.75,108,2,1,0
2026-05-23T14:09:06.772+00:00,46,5548,5600,9.0,9.507,921,39.75,108,2,1,0
2026-05-23T14:09:06.872+00:00,46,5565,5600,9.0,9.536,903,39.0,109,2,1,0
2026-05-23T14:09:06.972+00:00,46,5545,5600,9.0,9.502,884,39.0,109,2,1,0
2026-05-23T14:09:07.072+00:00,46,5636,5600,8.9,9.551,877,39.0,109,2,1,0
2026-05-23T14:09:07.172+00:00,46,5639,5600,8.9,9.556,908,40.78,109,2,1,0
2026-05-23T14:09:07.272+00:00,46,5712,5600,8.9,9.68,934,40.78,109,2,1,0
2026-05-23T14:09:07.372+00:00,46,5696,5600,9.0,9.761,945,41.44,109,2,1,0
2026-05-23T14:09:07.472+00:00,46,5572,5600,9.0,9.548,964,41.44,109,2,1,0
2026-05-23T14:09:07.572+00:00,46,5562,5600,9.0,9.531,969,41.44,109,2,1,0
2026-05-23T14:09:07.672+00:00,46,5622,5600,9.1,9.741,967,41.28,109,2,1,0
2026-05-23T14:09:07.772+00:00,46,5572,5600,9.1,9.654,963,41.28,109,2,1,0
2026-05-23T14:09:07.874+00:00,46,5548,5600,9.1,9.613,960,40.1,109,2,1,0
2026-05-23T14:09:07.972+00:00,46,5639,5600,9.1,9.771,928,40.1,110,2,1,0
2026-05-23T14:09:08.072+00:00,46,5636,5600,9.1,9.765,916,40.1,110,2,1,0
2026-05-23T14:09:08.172+00:00,46,5634,5600,9.1,9.762,884,38.33,110,2,1,0
2026-05-23T14:09:08.272+00:00,46,5532,5600,9.0,9.48,859,38.33,110,2,1,0
2026-05-23T14:09:08.372+00:00,46,5644,5600,9.0,9.672,849,38.33,110,2,1,0
2026-05-23T14:09:08.472+00:00,46,5576,5600,8.9,9.449,910,40.97,110,2,1,0
2026-05-23T14:09:08.572+00:00,46,5556,5600,8.9,9.415,939,40.97,110,2,1,0
2026-05-23T14:09:08.672+00:00,46,5626,5600,9.0,9.641,956,41.49,110,2,1,0
2026-05-23T14:09:08.772+00:00,46,5615,5600,9.0,9.622,968,41.49,110,2,1,0
2026-05-23T14:09:08.872+00:00,46,5503,5600,9.1,9.535,971,41.49,110,2,1,0
2026-05-23T14:09:08.972+00:00,46,5619,5600,9.1,9.736,931,39.88,110,2,1,0
2026-05-23T14:09:09.072+00:00,46,5595,5600,9.1,9.694,914,39.88,110,2,1,0
2026-05-23T14:09:09.172+00:00,46,5596,5600,9.0,9.589,907,39.84,110,2,1,0
2026-05-23T14:09:09.272+00:00,46,5539,5600,9.0,9.492,905,39.84,110,2,1,0
2026-05-23T14:09:09.372+00:00,46,5515,5600,9.0,9.451,904,39.84,111,2,1,0
2026-05-23T14:09:09.472+00:00,46,5584,6000,8.9,9.463,740,31.29,111,2,1,0
2026-05-23T14:09:09.572+00:00,46,5776,6000,8.7,9.568,645,31.29,111,2,1,0
2026-05-23T14:09:09.672+00:00,46,5699,6000,8.5,9.223,607,29.61,110,2,1,0
2026-05-23T14:09:09.772+00:00,46,5789,6000,8.2,9.038,570,29.61,110,2,1,0
2026-05-23T14:09:09.872+00:00,46,5888,6000,8.0,8.969,563,29.61,110,2,1,0
2026-05-23T14:09:09.972+00:00,46,5920,6000,7.8,8.792,643,34.1,110,2,1,0
2026-05-23T14:09:10.072+00:00,46,6055,6000,7.7,8.877,704,34.1,110,2,1,0
2026-05-23T14:09:10.172+00:00,46,5987,6000,7.6,8.664,721,32.92,110,2,1,0
2026-05-23T14:09:10.272+00:00,46,6039,6000,7.6,8.739,711,32.92,110,2,1,0
2026-05-23T14:09:10.372+00:00,46,6038,6000,7.5,8.622,709,32.92,110,2,1,0
2026-05-23T14:09:10.472+00:00,46,5924,6000,7.5,8.46,729,33.88,110,2,1,0
2026-05-23T14:09:10.572+00:00,46,5925,6000,7.5,8.461,742,33.88,110,2,1,0
2026-05-23T14:09:10.672+00:00,46,6087,6000,7.5,8.692,749,33.96,110,2,1,0
2026-05-23T14:09:10.772+00:00,46,6073,6000,7.5,8.672,755,33.96,110,2,1,0
2026-05-23T14:09:10.872+00:00,46,5940,6000,7.5,8.482,757,33.96,110,2,1,0
2026-05-23T14:09:10.972+00:00,46,6100,6000,7.5,8.711,817,37.13,110,2,1,0
2026-05-23T14:09:11.072+00:00,46,6001,6000,7.5,8.57,861,37.13,110,2,1,0
2026-05-23T14:09:11.172+00:00,46,5906,6000,7.5,8.434,871,35.54,110,2,1,0
2026-05-23T14:09:11.272+00:00,46,5993,6000,7.6,8.672,838,35.54,110,2,1,0
2026-05-23T14:09:11.372+00:00,46,5916,6000,7.7,8.673,821,35.54,110,2,1,0
2026-05-23T14:09:11.473+00:00,46,5938,6000,7.7,8.706,787,33.46,110,2,1,0
2026-05-23T14:09:11.573+00:00,46,5952,6000,7.7,8.726,747,33.46,111,2,1,0
2026-05-23T14:09:11.672+00:00,46,5985,6000,7.6,8.661,734,33.46,111,2,1,0
2026-05-23T14:09:11.772+00:00,46,5956,6000,7.6,8.619,718,32.97,111,2,1,0
2026-05-23T14:09:11.872+00:00,46,5999,6000,7.5,8.567,713,32.97,111,2,1,0
2026-05-23T14:09:11.973+00:00,46,5968,6000,7.5,8.522,737,34.85,110,2,1,0
2026-05-23T14:09:12.072+00:00,46,6038,6000,7.5,8.622,768,34.85,111,2,1,0
2026-05-23T14:09:12.172+00:00,46,5991,6000,7.5,8.555,783,34.85,111,2,1,0
2026-05-23T14:09:12.272+00:00,46,6014,6000,7.5,8.588,758,33.58,111,2,1,0
2026-05-23T14:09:12.373+00:00,46,5938,6000,7.5,8.48,748,33.58,111,2,1,0
2026-05-23T14:09:12.608+00:00,46,6126,6000,7.5,8.748,764,34.22,111,2,1,0
2026-05-23T14:09:12.708+00:00,46,5980,6000,7.5,8.54,779,35.89,111,2,1,0
2026-05-23T14:09:12.810+00:00,46,5945,6000,7.5,8.49,816,35.89,111,2,1,0
2026-05-23T14:09:12.908+00:00,46,6018,6000,7.5,8.594,828,35.89,111,2,1,0
2026-05-23T14:09:13.008+00:00,46,5928,6000,7.5,8.465,817,35.09,111,2,1,0
2026-05-23T14:09:13.108+00:00,46,6001,6000,7.6,8.684,805,35.09,111,2,1,0
2026-05-23T14:09:13.208+00:00,46,5976,6000,7.6,8.648,801,35.55,111,2,1,0
2026-05-23T14:09:13.310+00:00,46,5979,6000,7.6,8.652,809,35.55,111,2,1,0
2026-05-23T14:09:13.409+00:00,46,6066,6000,7.6,8.778,811,35.55,111,2,1,0
2026-05-23T14:09:13.509+00:00,46,5916,6000,7.6,8.561,763,32.9,111,2,1,0
2026-05-23T14:09:13.609+00:00,46,5984,6000,7.6,8.659,728,32.9,111,2,1,0
2026-05-23T14:09:13.708+00:00,46,6051,6000,7.5,8.641,713,32.59,111,2,1,0
2026-05-23T14:09:13.810+00:00,46,6091,6000,7.5,8.698,702,32.59,111,2,1,0
2026-05-23T14:09:13.908+00:00,46,6089,6000,7.5,8.695,700,32.59,111,2,1,0
2026-05-23T14:09:14.009+00:00,46,6034,6000,7.5,8.617,704,32.77,111,2,1,0
2026-05-23T14:09:14.108+00:00,46,6067,6000,7.5,8.664,710,32.77,111,2,1,0
2026-05-23T14:09:14.209+00:00,46,6074,6000,7.5,8.674,713,33.67,111,2,1,0
2026-05-23T14:09:14.311+00:00,46,6103,6000,7.5,8.715,739,33.67,111,2,1,0
2026-05-23T14:09:14.408+00:00,46,6047,6000,7.5,8.635,750,33.67,111,2,1,0
2026-05-23T14:09:14.508+00:00,46,6049,6000,7.5,8.638,762,34.08,111,2,1,0
2026-05-23T14:09:14.609+00:00,46,6069,6000,7.5,8.667,771,34.08,111,2,1,0
2026-05-23T14:09:14.708+00:00,46,6091,6000,7.5,8.698,775,34.08,111,2,1,0
2026-05-23T14:09:14.809+00:00,46,6133,6000,7.5,8.758,824,36.06,111,2,1,0
2026-05-23T14:09:14.908+00:00,46,6129,6000,7.5,8.752,845,36.06,111,2,1,0
2026-05-23T14:09:15.008+00:00,46,6050,6000,7.5,8.64,874,37.72,111,2,1,0
2026-05-23T14:09:15.108+00:00,46,6050,6000,7.5,8.64,903,37.72,111,2,1,0
2026-05-23T14:09:15.208+00:00,46,6014,6000,7.6,8.703,908,37.72,111,2,1,0
2026-05-23T14:09:15.309+00:00,46,6011,6000,7.7,8.813,848,35.18,111,2,1,0
2026-05-23T14:09:15.408+00:00,46,5923,6000,7.7,8.684,814,35.18,111,2,1,0
2026-05-23T14:09:15.508+00:00,46,5891,6000,7.7,8.637,803,35.42,111,2,1,0
2026-05-23T14:09:15.608+00:00,46,5877,6000,7.7,8.616,802,35.42,112,2,1,0
2026-05-23T14:09:15.708+00:00,46,6027,6000,7.7,8.836,801,35.42,112,2,1,0
2026-05-23T14:09:15.809+00:00,46,6024,6000,7.7,8.832,771,34.11,112,2,1,0
2026-05-23T14:09:15.908+00:00,46,5954,6000,7.7,8.729,757,34.11,112,2,1,0
2026-05-23T14:09:16.008+00:00,46,6041,6000,7.7,8.857,765,36.02,112,2,1,0
2026-05-23T14:09:16.108+00:00,46,5921,6000,7.7,8.681,804,36.02,112,2,1,0
2026-05-23T14:09:16.209+00:00,46,5938,6000,7.7,8.706,818,36.02,112,2,1,0
2026-05-23T14:09:16.309+00:00,46,5923,6000,7.7,8.684,805,35.13,112,2,1,0
2026-05-23T14:09:16.409+00:00,46,5851,6000,7.7,8.578,795,35.13,112,2,1,0
2026-05-23T14:09:16.508+00:00,46,5913,6000,7.7,8.669,772,32.46,112,2,1,0
2026-05-23T14:09:16.609+00:00,46,5942,6000,7.7,8.712,720,32.46,112,2,1,0
2026-05-23T14:09:16.709+00:00,46,5967,6000,7.6,8.635,698,32.46,112,2,1,0
2026-05-23T14:09:16.810+00:00,46,5902,6000,7.6,8.541,748,35.67,112,2,1,0
2026-05-23T14:09:16.908+00:00,46,6005,6000,7.6,8.69,792,35.67,112,2,1,0
2026-05-23T14:09:17.008+00:00,46,6069,6000,7.6,8.782,797,32.87,112,2,1,0
2026-05-23T14:09:17.108+00:00,46,5897,6000,7.6,8.533,740,32.87,112,2,1,0
2026-05-23T14:09:17.208+00:00,46,6015,6000,7.5,8.59,720,32.87,112,2,1,0
2026-05-23T14:09:17.309+00:00,46,6063,6000,7.5,8.658,744,34.67,112,2,1,0
2026-05-23T14:09:17.409+00:00,46,5933,6000,7.5,8.472,768,34.67,112,2,1,0
2026-05-23T14:09:17.508+00:00,46,5960,6000,7.5,8.511,777,33.44,112,2,1,0
2026-05-23T14:09:17.609+00:00,46,5970,6000,7.5,8.525,750,33.44,112,2,1,0
2026-05-23T14:09:17.708+00:00,46,5959,6000,7.5,8.51,741,33.44,112,2,1,0
2026-05-23T14:09:17.810+00:00,46,5953,6000,7.5,8.501,736,33.33,112,2,1,0
2026-05-23T14:09:17.909+00:00,46,5950,6000,7.5,8.497,734,33.33,112,2,1,0
2026-05-23T14:09:18.008+00:00,46,6067,6000,7.5,8.664,734,33.33,112,2,1,0
2026-05-23T14:09:18.108+00:00,46,6093,6000,7.5,8.701,809,36.4,112,2,1,0
2026-05-23T14:09:18.209+00:00,46,6067,6000,7.5,8.664,841,36.4,112,2,1,0
2026-05-23T14:09:18.312+00:00,46,5924,6000,7.5,8.46,845,35.82,112,2,1,0
2026-05-23T14:09:18.408+00:00,46,6049,6000,7.5,8.638,837,35.82,112,2,1,0
2026-05-23T14:09:18.509+00:00,46,5886,6000,7.6,8.517,831,35.82,112,2,1,0
2026-05-23T14:09:18.609+00:00,46,5909,6000,7.6,8.551,779,33.66,112,2,1,0
2026-05-23T14:09:18.708+00:00,46,5926,6000,7.6,8.575,753,33.66,112,2,1,0
2026-05-23T14:09:18.810+00:00,46,5898,6000,7.6,8.535,761,35.48,112,2,1,0
2026-05-23T14:09:18.908+00:00,46,6022,6000,7.6,8.714,790,35.48,112,2,1,0
2026-05-23T14:09:19.008+00:00,46,5963,6000,7.6,8.629,802,35.48,112,2,1,0
2026-05-23T14:09:19.108+00:00,46,6004,6000,7.6,8.688,781,34.32,112,2,1,0
2026-05-23T14:09:19.208+00:00,46,5965,6000,7.6,8.632,770,34.32,112,2,1,0
2026-05-23T14:09:19.309+00:00,46,5974,6000,7.6,8.645,753,33.15,112,2,1,0
2026-05-23T14:09:19.408+00:00,46,5931,6000,7.6,8.583,732,33.15,112,2,1,0
2026-05-23T14:09:19.509+00:00,46,5952,6000,7.5,8.5,723,33.15,112,2,1,0
2026-05-23T14:09:19.608+00:00,46,5954,6100,7.5,8.502,696,31.82,112,2,1,0
2026-05-23T14:09:19.708+00:00,46,5945,6100,7.5,8.49,681,31.82,112,2,1,0
2026-05-23T14:09:19.809+00:00,46,6140,6100,7.5,8.768,690,33.66,112,2,1,0
2026-05-23T14:09:19.909+00:00,46,6117,6100,7.5,8.735,726,33.66,112,2,1,0
2026-05-23T14:09:20.008+00:00,46,6134,6100,7.5,8.76,744,33.66,112,2,1,0
2026-05-23T14:09:20.108+00:00,46,6113,6100,7.5,8.73,761,34.18,112,2,1,0
2026-05-23T14:09:20.208+00:00,46,6052,6100,7.5,8.642,773,34.18,112,2,1,0
2026-05-23T14:09:20.310+00:00,46,6069,6100,7.5,8.667,777,34.24,112,2,1,0
2026-05-23T14:09:20.408+00:00,46,6007,6100,7.5,8.578,780,34.24,112,2,1,0
2026-05-23T14:09:20.508+00:00,46,6000,6100,7.5,8.568,781,34.24,112,2,1,0
2026-05-23T14:09:20.608+00:00,46,5985,6100,7.5,8.547,735,31.69,112,2,1,0
2026-05-23T14:09:20.708+00:00,46,6021,6100,7.5,8.598,703,31.69,112,2,1,0
2026-05-23T14:09:20.809+00:00,46,5916,6100,7.5,8.448,664,31.09,112,2,1,0
2026-05-23T14:09:20.908+00:00,46,5966,6100,7.5,8.52,650,31.09,112,2,1,0
2026-05-23T14:09:21.008+00:00,46,6015,6100,7.5,8.59,647,31.09,112,2,1,0
2026-05-23T14:09:21.109+00:00,46,6151,6100,7.5,8.784,647,30.98,112,2,1,0
2026-05-23T14:09:21.208+00:00,46,6092,6100,0.0,0,634,30.98,112,2,1,1
2026-05-23T14:09:21.309+00:00,46,6068,6100,7.5,8.665,628,30.98,112,2,1,0
2026-05-23T14:09:21.408+00:00,46,6036,6100,7.5,8.62,658,32.07,112,2,1,0
2026-05-23T14:09:21.508+00:00,46,6033,6100,7.5,8.615,675,32.07,112,2,1,0
2026-05-23T14:09:21.608+00:00,46,6121,6100,7.5,8.741,670,30.87,112,2,1,0
2026-05-23T14:09:21.708+00:00,46,5925,6100,0.0,0,633,30.87,112,2,1,1
2026-05-23T14:09:21.809+00:00,46,5984,6100,7.5,8.545,628,30.87,112,2,1,0
2026-05-23T14:09:21.908+00:00,46,5999,6100,7.5,8.567,596,29.17,112,2,1,0
2026-05-23T14:09:22.008+00:00,46,6191,6100,0.0,0,586,29.17,112,2,1,0
2026-05-23T14:09:22.108+00:00,46,5980,6100,7.5,8.54,562,29.61,111,2,1,0
2026-05-23T14:09:22.208+00:00,46,6019,6100,7.5,8.595,574,29.61,111,2,1,0
2026-05-23T14:09:22.309+00:00,46,6043,6100,7.5,8.63,585,29.61,111,2,1,0
2026-05-23T14:09:22.408+00:00,46,6111,6100,0.0,0,594,30.57,111,2,1,1
2026-05-23T14:09:22.509+00:00,46,6067,6100,7.5,8.664,606,30.57,111,2,1,0
2026-05-23T14:09:22.608+00:00,46,6124,6100,7.5,8.745,622,30.99,111,2,1,0
2026-05-23T14:09:22.709+00:00,46,6155,6100,0.0,0,638,30.99,111,2,1,1
2026-05-23T14:09:22.809+00:00,46,5979,6100,7.5,8.538,621,30.99,111,2,1,0
2026-05-23T14:09:22.909+00:00,46,5958,6100,7.5,8.508,616,30.24,111,2,1,0
2026-05-23T14:09:23.008+00:00,46,6128,6100,7.5,8.751,616,30.24,111,2,1,0
2026-05-23T14:09:23.108+00:00,46,6156,6100,0.0,0,606,29.45,111,2,1,1
2026-05-23T14:09:23.208+00:00,46,5967,6100,7.5,8.521,579,29.45,111,2,1,0
2026-05-23T14:09:23.309+00:00,46,6096,6100,7.5,8.705,581,29.45,111,2,1,0
2026-05-23T14:09:23.408+00:00,46,6035,6100,0.0,0,615,31.45,110,2,1,1
2026-05-23T14:09:23.508+00:00,46,5987,6100,7.5,8.55,625,31.45,110,2,1,0
2026-05-23T14:09:23.608+00:00,46,6087,6100,7.5,8.692,631,29.45,110,2,1,0
2026-05-23T14:09:23.708+00:00,46,6041,6100,7.5,8.627,605,29.45,110,2,1,0
2026-05-23T14:09:23.809+00:00,46,6007,6100,0.0,0,583,29.45,110,2,1,1
2026-05-23T14:09:23.908+00:00,46,6093,6100,7.5,8.701,585,30.13,110,2,1,0
2026-05-23T14:09:24.008+00:00,46,6149,6100,7.5,8.781,600,30.13,110,2,1,0
2026-05-23T14:09:24.108+00:00,46,6047,6100,0.0,0,599,29.21,110,2,1,1
2026-05-23T14:09:24.209+00:00,46,6113,6100,7.5,8.73,571,29.21,110,2,1,0
2026-05-23T14:09:24.309+00:00,46,6155,6100,7.5,8.79,573,29.21,110,2,1,0
2026-05-23T14:09:24.408+00:00,46,6138,6100,0.0,0,599,31.2,110,2,1,1
2026-05-23T14:09:24.508+00:00,46,5953,6100,7.5,8.501,616,31.2,110,2,1,0
2026-05-23T14:09:24.608+00:00,46,6147,6100,7.5,8.778,635,29.29,110,2,1,0
2026-05-23T14:09:24.708+00:00,46,6025,6100,7.5,8.604,605,29.29,110,2,1,0
2026-05-23T14:09:24.810+00:00,46,5961,6100,7.5,8.512,569,29.29,110,2,1,0
2026-05-23T14:09:24.909+00:00,46,6115,6100,7.5,8.732,543,27.16,109,2,1,0
2026-05-23T14:09:25.008+00:00,46,6163,6100,0.0,0,522,27.16,109,2,1,1
2026-05-23T14:09:25.108+00:00,46,5958,6100,7.5,8.508,489,27.16,109,2,1,0
2026-05-23T14:09:25.208+00:00,46,6057,6100,7.5,8.65,491,26.99,109,2,1,0
2026-05-23T14:09:25.309+00:00,46,5969,6100,0.0,0,485,26.99,109,2,1,1
2026-05-23T14:09:25.408+00:00,46,5969,6100,7.5,8.524,469,26.06,109,2,1,0
2026-05-23T14:09:25.508+00:00,46,6137,6100,0.0,0,466,26.06,109,2,1,0
2026-05-23T14:09:25.608+00:00,46,6004,6100,0.0,0,448,26.06,109,2,1,1
2026-05-23T14:09:25.709+00:00,46,6161,6100,7.5,8.798,457,26.37,108,2,1,0
2026-05-23T14:09:25.809+00:00,46,6097,6100,0.0,0,461,26.37,108,2,1,1
2026-05-23T14:09:25.909+00:00,46,6095,6100,7.5,8.704,454,26.22,108,2,1,0
2026-05-23T14:09:26.008+00:00,46,6135,6100,0.0,0,464,26.22,108,2,1,1
2026-05-23T14:09:26.109+00:00,46,5949,6100,7.5,8.495,447,26.22,108,2,1,0
2026-05-23T14:09:26.208+00:00,46,6134,6100,7.5,8.76,420,23.91,108,2,1,0
2026-05-23T14:09:26.310+00:00,46,5952,6100,0.0,0,389,23.91,108,2,1,1
2026-05-23T14:09:26.408+00:00,46,6131,6100,7.5,8.755,382,23.21,107,2,1,0
2026-05-23T14:09:26.508+00:00,46,6139,6100,0.0,0,368,23.21,107,2,1,1
2026-05-23T14:09:26.609+00:00,46,6108,6100,7.5,8.722,358,23.21,107,2,1,0
2026-05-23T14:09:26.708+00:00,46,6018,6100,0.0,0,384,24.58,107,2,1,1
2026-05-23T14:09:26.809+00:00,46,6064,6100,0.0,0,384,24.58,107,2,1,1
2026-05-23T14:09:26.908+00:00,46,6040,6100,7.5,8.625,391,23.36,107,2,1,0
2026-05-23T14:09:27.008+00:00,46,6101,6100,0.0,0,372,23.36,106,2,1,1
2026-05-23T14:09:27.108+00:00,46,6101,6100,7.5,8.712,363,23.36,106,2,1,0
2026-05-23T14:09:27.208+00:00,46,6144,6100,0.0,0,342,21.29,106,2,1,1
2026-05-23T14:09:27.310+00:00,46,5989,6100,0.0,0,313,21.29,106,2,1,1
2026-05-23T14:09:27.408+00:00,46,6000,6100,7.5,8.568,311,22.27,106,2,1,0
2026-05-23T14:09:27.508+00:00,46,6054,6100,0.0,0,320,22.27,105,2,1,1
2026-05-23T14:09:27.609+00:00,46,5943,6100,7.5,8.487,321,22.27,105,2,1,0
2026-05-23T14:09:27.708+00:00,46,6152,6100,0.0,0,316,21.0,105,2,1,1
2026-05-23T14:09:27.810+00:00,46,6049,6100,0.0,0,297,21.0,105,2,1,1
2026-05-23T14:09:27.909+00:00,46,6134,6100,7.5,8.76,293,19.95,105,2,1,0
2026-05-23T14:09:28.008+00:00,46,6033,6100,0.0,0,278,19.95,104,2,1,1
2026-05-23T14:09:28.108+00:00,46,6014,6100,7.5,8.588,264,19.95,104,2,1,0
2026-05-23T14:09:28.208+00:00,46,6063,6100,0.0,0,274,20.48,104,2,1,1
2026-05-23T14:09:28.310+00:00,46,6078,6100,0.0,0,272,20.48,104,2,1,1
2026-05-23T14:09:28.408+00:00,46,6052,6100,7.5,8.642,278,20.48,103,2,1,0
2026-05-23T14:09:28.508+00:00,46,6041,6100,0.0,0,263,19.42,103,2,1,1
2026-05-23T14:09:28.608+00:00,46,5917,6100,0.0,0,250,19.42,103,2,1,1
2026-05-23T14:09:28.708+00:00,46,6028,6100,0.0,0,241,17.43,103,2,1,1
2026-05-23T14:09:28.810+00:00,46,6064,6100,0.0,0,215,17.43,102,2,1,1
2026-05-23T14:09:28.908+00:00,46,5954,6100,7.5,8.502,204,17.43,102,2,1,0
2026-05-23T14:09:29.008+00:00,46,6195,6100,0.0,0,220,18.46,102,2,1,1
2026-05-23T14:09:29.109+00:00,46,5992,6100,0.0,0,221,18.46,102,2,1,1
2026-05-23T14:09:29.208+00:00,46,6066,6100,7.5,8.662,228,19.64,102,2,1,0
2026-05-23T14:09:29.310+00:00,46,6158,6100,0.0,0,248,19.64,101,2,1,1
2026-05-23T14:09:29.408+00:00,46,5814,6100,0.0,0,233,19.64,101,2,1,0
2026-05-23T14:09:29.509+00:00,46,5519,6100,0.0,0,53,0.0,101,2,0,0
2026-05-23T14:09:29.608+00:00,46,5343,6100,0.0,0,8,0.0,100,2,0,0
2026-05-23T14:09:29.708+00:00,46,5096,6100,0.0,0,2,0.0,100,2,0,0
2026-05-23T14:09:29.810+00:00,46,4707,6100,0.0,0,0,0.0,100,2,0,0
2026-05-23T14:09:29.909+00:00,46,4625,6100,0.0,0,0,0.0,99,2,0,0
2026-05-23T14:09:30.008+00:00,46,4442,6100,0.0,0,0,0.0,99,2,0,0
2026-05-23T14:09:30.108+00:00,46,4076,6100,0.0,0,0,0.0,99,2,0,0
2026-05-23T14:09:30.208+00:00,46,3914,6100,0.0,0,0,0.0,98,2,0,0
2026-05-23T14:09:30.310+00:00,46,3655,6100,0.0,0,0,0.0,98,2,0,0
2026-05-23T14:09:30.408+00:00,46,3654,6100,0.0,0,0,0.0,98,2,0,0
2026-05-23T14:09:30.509+00:00,46,3321,6100,0.0,0,0,0.0,97,2,0,0
2026-05-23T14:09:30.608+00:00,46,3186,6100,0.0,0,0,0.0,97,2,0,0
2026-05-23T14:09:30.708+00:00,46,2976,6100,0.0,0,0,0.0,97,2,0,0
2026-05-23T14:09:30.809+00:00,46,2907,6100,0.0,0,0,0.0,96,2,0,0
2026-05-23T14:09:30.909+00:00,46,2833,6100,0.0,0,0,0.0,96,2,0,0
2026-05-23T14:09:31.009+00:00,46,2544,6100,0.0,0,0,0.0,96,2,0,0
2026-05-23T14:09:31.108+00:00,46,2413,6100,0.0,0,0,0.0,95,2,0,0
2026-05-23T14:09:31.208+00:00,46,2317,6100,0.0,0,0,0.0,95,2,0,0
2026-05-23T14:09:31.309+00:00,46,2161,6100,0.0,0,0,0.0,95,2,0,0
2026-05-23T14:09:31.408+00:00,46,2012,6100,0.0,0,0,0.0,94,2,0,0
2026-05-23T14:09:31.509+00:00,46,2087,6100,0.0,0,0,0.0,94,2,0,0
2026-05-23T14:09:31.609+00:00,46,1858,6100,0.0,0,0,0.0,94,2,0,0
2026-05-23T14:09:31.708+00:00,46,1715,6100,0.0,0,0,0.0,93,2,0,0
2026-05-23T14:09:31.809+00:00,46,1670,6100,0.0,0,0,0.0,93,2,0,0
2026-05-23T14:09:31.910+00:00,46,1560,6100,0.0,0,0,0.0,93,2,0,0
2026-05-23T14:09:32.008+00:00,46,1388,6100,0.0,0,0,0.0,92,2,0,0
2026-05-23T14:09:32.109+00:00,46,1429,6100,0.0,0,0,0.0,92,2,0,0
2026-05-23T14:09:32.212+00:00,46,1331,6100,0.0,0,0,0.0,92,2,0,0
2026-05-23T14:09:32.309+00:00,46,1127,6100,0.0,0,0,0.0,91,2,0,0
2026-05-23T14:09:32.408+00:00,46,1045,6100,0.0,0,0,0.0,91,2,0,0
2026-05-23T14:09:32.508+00:00,46,1128,6100,0.0,0,0,0.0,91,2,0,0
2026-05-23T14:09:32.608+00:00,46,881,6100,0.0,0,0,0.0,90,2,0,0
